id,year,outcome,switcher,xl_area,inc1_fav,inc2_fav,inc3_fav,inc4_fav,inc5_fav,inc6_fav,inc7_fav,inc8_fav,inc9_fav,inc10_fav,inc11_fav,inc12_fav,inc1_opp,inc2_opp,inc3_opp,inc4_opp,inc5_opp,inc6_opp,inc7_opp,inc8_opp,inc9_opp,inc10_opp,inc11_opp,inc12_opp,inc1_dk,inc2_dk,inc3_dk,inc4_dk,inc5_dk,inc6_dk,inc7_dk,inc8_dk,inc9_dk,inc10_dk,inc11_dk,inc12_dk,budget_reconciliation,filibuster_proof,inc1,inc2,inc3,inc4,inc5,inc6,inc7,inc8,inc9,inc10,inc11,inc12,total,inc1_score,inc2_score,inc3_score,inc4_score,inc5_score,inc6_score,inc7_score,inc8_score,inc9_score,inc10_score,inc11_score,inc12_score,gridlock,sen_seat_advantage,hs_seat_advantage,unified,cloture,coef_intercept,coef_income,coef_income_squared,pred50_sw,pred90_sw
1,2009,1,0,taxation,203,125,99,91,85,0,0,0,0,0,0,0,87,54,35,32,27,0,0,0,0,0,0,0,2,2,2,4,2,0,0,0,0,0,0,0,0,0,292,181,136,127,114,0,0,0,0,0,0,0,850,0.17176470588235293,0.44999999999999996,0.636470588235294,0.7911764705882351,0.932941176470588,0.9999999999999998,0.9999999999999998,0.9999999999999998,0.9999999999999998,0.9999999999999998,0.9999999999999998,0.9999999999999998,42.857142857142854,18,78,1,69,0.8499104473996697,-0.14660469544292748,0.5154688276974266,0.7120733789149477,0.7568517345666468
2,2009,1,0,spending,172,108,74,71,62,0,0,0,0,0,0,0,116,71,57,52,51,0,0,0,0,0,0,0,4,2,5,4,1,0,0,0,0,0,0,0,0,0,292,181,136,127,114,0,0,0,0,0,0,0,850,0.17176470588235293,0.44999999999999996,0.636470588235294,0.7911764705882351,0.932941176470588,0.9999999999999998,0.9999999999999998,0.9999999999999998,0.9999999999999998,0.9999999999999998,0.9999999999999998,0.9999999999999998,42.857142857142854,18,78,1,69,0.3778049047453704,0.1935142214587878,-0.4122844948980168,0.5918191812590913,0.5542894475946222
3,2009,1,0,spending,137,58,62,356,0,0,0,0,0,0,0,0,114,52,43,289,0,0,0,0,0,0,0,0,2,1,2,10,0,0,0,0,0,0,0,0,0,0,253,111,107,655,0,0,0,0,0,0,0,0,1126,0.11234458259325045,0.27397868561278865,0.3707815275310835,0.7091474245115453,1,1,1,1,1,1,1,1,42.857142857142854,18,78,1,69,0.09662262104240373,0.7306685732814154,-0.8045176004582199,0.5648397006011546,0.5256188157938401
4,2009,1,0,spending,146,111,96,67,82,0,0,0,0,0,0,0,159,56,26,38,58,0,0,0,0,0,0,0,1,3,2,5,8,0,0,0,0,0,0,0,0,0,306,170,124,110,148,0,0,0,0,0,0,0,858,0.17832167832167833,0.45571095571095577,0.6270396270396271,0.7634032634032635,0.9137529137529138,1,1,1,1,1,1,1,42.857142857142854,18,78,1,69,-1.1807370283382956,7.146534154198731,-6.014530280082473,0.7086625984926807,0.593722154758844
5,2009,0,1,spending,138,118,72,62,76,0,0,0,0,0,0,0,167,48,49,48,70,0,0,0,0,0,0,0,1,4,3,0,2,0,0,0,0,0,0,0,0,0,306,170,124,110,148,0,0,0,0,0,0,0,858,0.17832167832167833,0.45571095571095577,0.6270396270396271,0.7634032634032635,0.9137529137529138,1,1,1,1,1,1,1,42.857142857142854,18,78,1,69,-1.0958420951856527,6.285175119324226,-5.605775023869389,0.34404906622180254,0.4949657344091236
6,2009,1,0,health,168,133,98,77,95,0,0,0,0,0,0,0,136,37,23,33,50,0,0,0,0,0,0,0,2,0,3,0,3,0,0,0,0,0,0,0,0,0,306,170,124,110,148,0,0,0,0,0,0,0,858,0.17832167832167833,0.45571095571095577,0.6270396270396271,0.7634032634032635,0.9137529137529138,1,1,1,1,1,1,1,42.857142857142854,18,78,1,69,-0.9915347924089959,8.031107955580426,-6.9216811776723315,0.784755715865895,0.6524669263091709
7,2009,1,0,spending,101,66,50,35,38,0,0,0,0,0,0,0,204,98,72,75,107,0,0,0,0,0,0,0,1,6,2,0,3,0,0,0,0,0,0,0,0,0,306,170,124,110,148,0,0,0,0,0,0,0,858,0.17832167832167833,0.45571095571095577,0.6270396270396271,0.7634032634032635,0.9137529137529138,1,1,1,1,1,1,1,42.857142857142854,18,78,1,69,-1.214639270367981,3.517119294170563,-3.663948606610369,0.408041710438242,0.26560627009127086
8,2009,0,0,foreign pol,72,25,15,21,15,0,0,0,0,0,0,0,265,134,94,89,89,0,0,0,0,0,0,0,5,1,2,2,4,0,0,0,0,0,0,0,0,0,342,160,111,112,108,0,0,0,0,0,0,0,833,0.20528211284513806,0.5066026410564226,0.6692677070828331,0.8031212484993997,0.9351740696278511,1,1,1,1,1,1,1,42.857142857142854,18,78,1,69,-0.9271120531933489,-2.1727209824306213,1.5053650902174238,0.16285578896657776,0.15933086468360633
9,2009,0,1,defense,241,117,73,76,74,0,0,0,0,0,0,0,98,39,38,34,33,0,0,0,0,0,0,0,3,4,0,2,1,0,0,0,0,0,0,0,0,0,342,160,111,112,108,0,0,0,0,0,0,0,833,0.20528211284513806,0.5066026410564226,0.6692677070828331,0.8031212484993997,0.9351740696278511,1,1,1,1,1,1,1,42.857142857142854,18,78,1,69,0.8507501927653721,0.44111772184039827,-0.5964086710280208,0.2845084395611738,0.3176342764243445
10,2009,1,0,defense,166,47,61,60,60,0,0,0,0,0,0,0,155,87,61,55,62,0,0,0,0,0,0,0,12,4,5,3,5,0,0,0,0,0,0,0,0,0,333,138,127,118,127,0,0,0,0,0,0,0,843,0.19750889679715303,0.47686832740213525,0.6340450771055753,0.7793594306049823,0.9246737841043892,1,1,1,1,1,1,1,42.857142857142854,18,78,1,69,0.4812530394599731,-2.785545788509508,2.591622797887191,0.43447547722840385,0.5183608142872291
11,2009,0,0,foreign pol,256,90,91,89,87,0,0,0,0,0,0,0,70,43,34,28,36,0,0,0,0,0,0,0,7,5,2,1,4,0,0,0,0,0,0,0,0,0,333,138,127,118,127,0,0,0,0,0,0,0,843,0.19750889679715303,0.47686832740213525,0.6340450771055753,0.7793594306049823,0.9246737841043892,1,1,1,1,1,1,1,42.857142857142854,18,78,1,69,1.655728141068713,-2.318679684297125,1.7627523254460147,0.7185087217457526,0.7304182849320937
12,2009,0,1,defense,248,79,95,90,90,0,0,0,0,0,0,0,82,58,32,27,36,0,0,0,0,0,0,0,3,1,0,1,1,0,0,0,0,0,0,0,0,0,333,138,127,118,127,0,0,0,0,0,0,0,843,0.19750889679715303,0.47686832740213525,0.6340450771055753,0.7793594306049823,0.9246737841043892,1,1,1,1,1,1,1,42.857142857142854,18,78,1,69,1.5398404839147346,-3.032727357412342,2.8214462972269265,0.3254496887803645,0.25053568053143294
13,2009,1,0,health,172,82,60,61,46,0,0,0,0,0,0,0,153,83,44,71,65,0,0,0,0,0,0,0,10,2,2,2,6,0,0,0,0,0,0,0,0,0,335,167,106,134,117,0,0,0,0,0,0,0,859,0.1949941792782305,0.4871944121071013,0.6461001164144354,0.7857974388824215,0.9318975552968569,1,1,1,1,1,1,1,42.857142857142854,18,78,1,69,-0.06011788166911211,1.1294545099932511,-1.5107078154821727,0.5316905668428366,0.4335744437368073
14,2009,0,1,defense,254,96,79,98,87,0,0,0,0,0,0,0,62,46,27,31,33,0,0,0,0,0,0,0,8,1,1,0,3,0,0,0,0,0,0,0,0,0,324,143,107,129,123,0,0,0,0,0,0,0,826,0.19612590799031476,0.4788135593220339,0.6301452784503632,0.773002421307506,0.9255447941888619,1,1,1,1,1,1,1,42.857142857142854,18,78,1,69,1.8816500220502979,-3.0586217554111603,2.403216346052136,0.2782531324149441,0.25435936295189565
15,2009,0,0,health,175,84,59,61,50,0,0,0,0,0,0,0,169,51,55,51,68,0,0,0,0,0,0,0,7,7,3,4,5,0,0,0,0,0,0,0,0,0,351,142,117,116,123,0,0,0,0,0,0,0,849,0.2067137809187279,0.49705535924617195,0.6495877502944641,0.7868080094228506,0.9275618374558305,1.0000000000000002,1.0000000000000002,1.0000000000000002,1.0000000000000002,1.0000000000000002,1.0000000000000002,1.0000000000000002,42.857142857142854,18,78,1,69,-0.5714250843061435,3.738672344989119,-3.7130178469623374,0.5913760046719089,0.44666260307457095
16,2009,1,0,foreign pol,107,293,0,0,0,0,0,0,0,0,0,0,42,104,0,0,0,0,0,0,0,0,0,0,1,2,0,0,0,0,0,0,0,0,0,0,0,0,150,399,0,0,0,0,0,0,0,0,0,0,549,0.1366120218579235,0.6366120218579235,1,1,1,1,1,1,1,1,1,1,42.857142857142854,18,78,1,69,0.9076667315599277,0.2012449873926588,NA,NA,NA
17,2009,1,0,0,173,50,50,54,74,0,0,0,0,0,0,0,120,111,72,68,57,0,0,0,0,0,0,0,10,3,3,4,5,0,0,0,0,0,0,0,0,0,303,164,125,126,136,0,0,0,0,0,0,0,854,0.17740046838407494,0.45081967213114754,0.6200234192037472,0.7669789227166277,0.9203747072599532,1,1,1,1,1,1,1,42.857142857142854,18,78,1,69,1.4823520487030994,-7.711384492364951,7.0289908130023875,0.35067067343251035,0.5586262355524073
18,2009,0,0,foreign pol,77,209,0,0,0,0,0,0,0,0,0,0,71,185,0,0,0,0,0,0,0,0,0,0,2,5,0,0,0,0,0,0,0,0,0,0,0,0,150,399,0,0,0,0,0,0,0,0,0,0,549,0.1366120218579235,0.6366120218579235,1,1,1,1,1,1,1,1,1,1,42.857142857142854,18,78,1,69,0.0699635551780686,0.08170576411567856,NA,NA,NA
19,2009,1,0,foreign pol,124,316,0,0,0,0,0,0,0,0,0,0,24,76,0,0,0,0,0,0,0,0,0,0,2,7,0,0,0,0,0,0,0,0,0,0,0,0,150,399,0,0,0,0,0,0,0,0,0,0,549,0.1366120218579235,0.6366120218579235,1,1,1,1,1,1,1,1,1,1,42.857142857142854,18,78,1,69,1.701577151092255,-0.4344377239131862,NA,NA,NA
20,2009,0,0,environment,166,99,66,70,61,0,0,0,0,0,0,0,132,59,54,53,66,0,0,0,0,0,0,0,5,6,5,3,9,0,0,0,0,0,0,0,0,0,303,164,125,126,136,0,0,0,0,0,0,0,854,0.17740046838407494,0.45081967213114754,0.6200234192037472,0.7669789227166277,0.9203747072599532,1,1,1,1,1,1,1,42.857142857142854,18,78,1,69,-0.07160307836913071,2.164907383410687,-2.354531449738014,0.604013816194521,0.4924113558653123
21,2009,0,0,0,227,62,43,68,66,0,0,0,0,0,0,0,124,85,67,47,45,0,0,0,0,0,0,0,3,2,1,2,6,0,0,0,0,0,0,0,0,0,354,149,111,117,117,0,0,0,0,0,0,0,848,0.20872641509433962,0.5053066037735849,0.6586084905660378,0.7930424528301887,0.9310141509433962,1,1,1,1,1,1,1,42.857142857142854,18,78,1,69,1.9106555652832742,-7.71058901868376,6.711041389862996,0.4336735549131145,0.6003848660658329
22,2009,0,0,misc others,149,45,41,45,41,0,0,0,0,0,0,0,200,99,69,68,76,0,0,0,0,0,0,0,5,5,1,4,0,0,0,0,0,0,0,0,0,0,354,149,111,117,117,0,0,0,0,0,0,0,848,0.20872641509433962,0.5053066037735849,0.6586084905660378,0.7930424528301887,0.9310141509433962,1,1,1,1,1,1,1,42.857142857142854,18,78,1,69,0.07354416921197332,-2.2023444002448223,1.7102637750103553,0.3543294893394147,0.3720920911536903
23,2009,1,0,health,116,262,0,0,0,0,0,0,0,0,0,0,46,152,0,0,0,0,0,0,0,0,0,0,3,4,0,0,0,0,0,0,0,0,0,0,0,1,165,418,0,0,0,0,0,0,0,0,0,0,583,0.14150943396226415,0.6415094339622641,1,1,1,1,1,1,1,1,1,1,42.857142857142854,18,78,1,69,1.0326331752852236,-0.7609696234009256,NA,NA,NA
24,2009,1,0,health,112,284,0,0,0,0,0,0,0,0,0,0,74,140,0,0,0,0,0,0,0,0,0,0,3,6,0,0,0,0,0,0,0,0,0,0,1,1,189,430,0,0,0,0,0,0,0,0,0,0,619,0.15266558966074315,0.6526655896607432,1,1,1,1,1,1,1,1,1,1,42.857142857142854,18,78,1,69,0.3250028748920842,0.5857960749214522,NA,NA,NA
25,2009,0,1,misc others,208,79,56,77,69,0,0,0,0,0,0,0,140,64,47,35,42,0,0,0,0,0,0,0,6,6,8,5,6,0,0,0,0,0,0,0,0,0,354,149,111,117,117,0,0,0,0,0,0,0,848,0.20872641509433962,0.5053066037735849,0.6586084905660378,0.7930424528301887,0.9310141509433962,1,1,1,1,1,1,1,42.857142857142854,18,78,1,69,0.6652490996986603,-1.7210295259511152,1.8277763020640245,0.43495116214459295,0.3550712593890252
26,2009,0,0,health,54,115,0,0,0,0,0,0,0,0,0,0,132,300,0,0,0,0,0,0,0,0,0,0,3,15,0,0,0,0,0,0,0,0,0,0,0,0,189,430,0,0,0,0,0,0,0,0,0,0,619,0.15266558966074315,0.6526655896607432,1,1,1,1,1,1,1,1,1,1,42.857142857142854,18,78,1,69,-0.8739614351786702,-0.13006494054029122,NA,NA,NA
27,2009,1,0,health,96,261,0,0,0,0,0,0,0,0,0,0,65,151,0,0,0,0,0,0,0,0,0,0,4,6,0,0,0,0,0,0,0,0,0,0,1,1,165,418,0,0,0,0,0,0,0,0,0,0,583,0.14150943396226415,0.6415094339622641,1,1,1,1,1,1,1,1,1,1,42.857142857142854,18,78,1,69,0.34544781338289593,0.3145592978711058,NA,NA,NA
28,2009,1,0,health,112,301,0,0,0,0,0,0,0,0,0,0,53,114,0,0,0,0,0,0,0,0,0,0,0,3,0,0,0,0,0,0,0,0,0,0,1,1,165,418,0,0,0,0,0,0,0,0,0,0,583,0.14150943396226415,0.6415094339622641,1,1,1,1,1,1,1,1,1,1,42.857142857142854,18,78,1,69,0.6851772807776519,0.4454097172186761,NA,NA,NA
29,2009,1,0,health,82,203,0,0,0,0,0,0,0,0,0,0,101,220,0,0,0,0,0,0,0,0,0,0,6,7,0,0,0,0,0,0,0,0,0,0,0,1,189,430,0,0,0,0,0,0,0,0,0,0,619,0.15266558966074315,0.6526655896607432,1,1,1,1,1,1,1,1,1,1,42.857142857142854,18,78,1,69,-0.24747746209979227,0.25595940315623034,NA,NA,NA
30,2009,1,0,health,126,296,0,0,0,0,0,0,0,0,0,0,37,115,0,0,0,0,0,0,0,0,0,0,2,7,0,0,0,0,0,0,0,0,0,0,0,1,165,418,0,0,0,0,0,0,0,0,0,0,583,0.14150943396226415,0.6415094339622641,1,1,1,1,1,1,1,1,1,1,42.857142857142854,18,78,1,69,1.3045913532716165,-0.5598733366938364,NA,NA,NA
31,2009,0,0,health,94,50,28,42,23,0,0,0,0,0,0,0,251,89,77,70,81,0,0,0,0,0,0,0,9,10,6,5,13,0,0,0,0,0,0,0,0,0,354,149,111,117,117,0,0,0,0,0,0,0,848,0.20872641509433962,0.5053066037735849,0.6586084905660378,0.7930424528301887,0.9310141509433962,1,1,1,1,1,1,1,42.857142857142854,18,78,1,69,-1.5561107187149776,3.4006071949943752,-3.138823637228155,0.3451305773516694,0.2615338798888987
32,2009,1,0,health,112,260,0,0,0,0,0,0,0,0,0,0,74,166,0,0,0,0,0,0,0,0,0,0,3,4,0,0,0,0,0,0,0,0,0,0,1,1,189,430,0,0,0,0,0,0,0,0,0,0,619,0.15266558966074315,0.6526655896607432,1,1,1,1,1,1,1,1,1,1,42.857142857142854,18,78,1,69,0.4039731121727293,0.06852012913611645,NA,NA,NA
33,2009,1,0,health,96,48,50,43,48,0,0,0,0,0,0,0,193,94,73,86,87,0,0,0,0,0,0,0,6,7,5,4,5,0,0,0,0,0,0,0,0,0,295,149,128,133,140,0,0,0,0,0,0,0,845,0.17455621301775148,0.4372781065088758,0.6011834319526628,0.755621301775148,0.9171597633136095,1,1,1,1,1,1,1,42.857142857142854,18,78,1,69,-0.8435287630853308,0.9222052490470544,-0.7421189892213257,0.36170862718093594,0.35099682745582605
34,2009,1,0,defense,167,100,87,75,75,0,0,0,0,0,0,0,122,48,39,51,59,0,0,0,0,0,0,0,6,1,2,7,6,0,0,0,0,0,0,0,0,0,295,149,128,133,140,0,0,0,0,0,0,0,845,0.17455621301775148,0.4372781065088758,0.6011834319526628,0.755621301775148,0.9171597633136095,1,1,1,1,1,1,1,42.857142857142854,18,78,1,69,-0.20256691006664027,3.6108247635929,-3.4788543083276076,0.6754921686873123,0.5570759776266727
35,2009,0,1,defense,213,94,76,97,89,0,0,0,0,0,0,0,77,54,47,34,46,0,0,0,0,0,0,0,5,1,5,2,5,0,0,0,0,0,0,0,0,0,295,149,128,133,140,0,0,0,0,0,0,0,845,0.17455621301775148,0.4372781065088758,0.6011834319526628,0.755621301775148,0.9171597633136095,1,1,1,1,1,1,1,42.857142857142854,18,78,1,69,1.355590828933297,-2.4760309486315837,2.063562801280198,0.34672503632625307,0.3103146183626809
36,2010,0,1,defense,130,99,54,40,0,0,0,0,0,0,0,0,183,145,76,81,0,0,0,0,0,0,0,0,6,10,4,1,0,0,0,0,0,0,0,0,0,0,319,254,134,122,0,0,0,0,0,0,0,0,829,0.19240048250904704,0.5379975874547648,0.7720144752714113,0.9264173703256936,1,1,1,1,1,1,1,1,71.42857142857143,18,78,1,68,-0.4721994583709139,0.8489437632222809,-1.1036003070253357,0.5802080838079555,0.6461289053069474
37,2010,0,1,defense,207,170,75,84,0,0,0,0,0,0,0,0,93,97,48,50,0,0,0,0,0,0,0,0,7,2,4,2,0,0,0,0,0,0,0,0,0,0,307,269,127,136,0,0,0,0,0,0,0,0,839,0.18295589988081049,0.5262216924910608,0.7622169249106078,0.9189511323003575,1,1,1,1,1,1,1,1,71.42857142857143,18,78,1,68,1.0202657306732748,-1.3428102385043204,0.84570577176844,0.36348104347964594,0.3783028078056203
38,2010,0,0,health,121,129,62,54,0,0,0,0,0,0,0,0,172,133,62,76,0,0,0,0,0,0,0,0,14,7,3,6,0,0,0,0,0,0,0,0,0,1,307,269,127,136,0,0,0,0,0,0,0,0,839,0.18295589988081049,0.5262216924910608,0.7622169249106078,0.9189511323003575,1,1,1,1,1,1,1,1,71.42857142857143,18,78,1,68,-0.7820422201460088,2.7669068996354986,-2.4399354184977327,0.49785685688675824,0.4333555039749641
39,2010,1,0,govt reform,188,169,74,72,0,0,0,0,0,0,0,0,110,93,46,59,0,0,0,0,0,0,0,0,9,7,7,5,0,0,0,0,0,0,0,0,0,0,307,269,127,136,0,0,0,0,0,0,0,0,839,0.18295589988081049,0.5262216924910608,0.7622169249106078,0.9189511323003575,1,1,1,1,1,1,1,1,71.42857142857143,18,78,1,68,0.3320650331678557,1.4063243554488385,-1.6678661550506326,0.6498228623198027,0.5613851127624677
40,2010,0,0,health,244,145,106,88,0,0,0,0,0,0,0,0,60,101,43,31,0,0,0,0,0,0,0,0,2,6,2,3,0,0,0,0,0,0,0,0,0,0,306,252,151,122,0,0,0,0,0,0,0,0,831,0.18411552346570398,0.5198555956678701,0.7623345367027677,0.9265944645006017,1,1,1,1,1,1,1,1,71.42857142857143,18,78,1,68,2.476486200005682,-7.113742451320083,6.201278542286429,0.6153682793187886,0.7497263985998734
41,2010,0,0,health,148,148,77,42,0,0,0,0,0,0,0,0,155,101,73,77,0,0,0,0,0,0,0,0,3,3,1,3,0,0,0,0,0,0,0,0,0,0,306,252,151,122,0,0,0,0,0,0,0,0,831,0.18411552346570398,0.5198555956678701,0.7623345367027677,0.9265944645006017,1,1,1,1,1,1,1,1,71.42857142857143,18,78,1,68,-0.7776406141144175,4.884837697421879,-5.043642140753127,0.5996165607426333,0.38541257137453394
42,2010,1,0,health,217,131,97,69,0,0,0,0,0,0,0,0,87,121,54,52,0,0,0,0,0,0,0,0,2,0,0,1,0,0,0,0,0,0,0,0,0,1,306,252,151,122,0,0,0,0,0,0,0,0,831,0.18411552346570398,0.5198555956678701,0.7623345367027677,0.9265944645006017,1,1,1,1,1,1,1,1,71.42857142857143,18,78,1,68,1.5829491114286909,-4.458729736770789,3.531806005535325,0.5588597621550611,0.6060778668545967
43,2010,1,0,health,190,200,108,72,0,0,0,0,0,0,0,0,113,51,41,44,0,0,0,0,0,0,0,0,3,1,2,6,0,0,0,0,0,0,0,0,1,1,306,252,151,122,0,0,0,0,0,0,0,0,831,0.18411552346570398,0.5198555956678701,0.7623345367027677,0.9265944645006017,1,1,1,1,1,1,1,1,71.42857142857143,18,78,1,68,-0.4996446026659704,6.68996072671288,-6.110701884502624,0.7887921762982396,0.6391441685079845
44,2010,1,0,civil rts,233,168,105,87,0,0,0,0,0,0,0,0,62,77,43,34,0,0,0,0,0,0,0,0,11,7,3,1,0,0,0,0,0,0,0,0,0,0,306,252,151,122,0,0,0,0,0,0,0,0,831,0.18411552346570398,0.5198555956678701,0.7623345367027677,0.9265944645006017,1,1,1,1,1,1,1,1,71.42857142857143,18,78,1,68,1.840048259550331,-3.3246018953176177,2.59425680113356,0.6955744540921589,0.7209652398496755
45,2010,1,0,health,131,95,46,48,0,0,0,0,0,0,0,0,209,144,67,123,0,0,0,0,0,0,0,0,1,1,3,4,0,0,0,0,0,0,0,0,0,1,341,240,116,175,0,0,0,0,0,0,0,0,872,0.19552752293577982,0.5286697247706422,0.7327981651376148,0.8996559633027523,1,1,1,1,1,1,1,1,71.42857142857143,18,78,1,68,-0.8096736013581101,2.2032234858755992,-2.538810593529555,0.4151381019971497,0.2925132276094542
46,2010,0,0,energy,238,121,71,104,0,0,0,0,0,0,0,0,95,110,41,63,0,0,0,0,0,0,0,0,8,9,4,8,0,0,0,0,0,0,0,0,0,0,341,240,116,175,0,0,0,0,0,0,0,0,872,0.19552752293577982,0.5286697247706422,0.7327981651376148,0.8996559633027523,1,1,1,1,1,1,1,1,71.42857142857143,18,78,1,68,1.7832227713239046,-5.391292952066336,4.513805493781306,0.5537978600642687,0.6427319824945434
47,2010,1,0,welf reform,200,170,74,79,0,0,0,0,0,0,0,0,133,67,38,89,0,0,0,0,0,0,0,0,8,3,4,7,0,0,0,0,0,0,0,0,1,0,341,240,116,175,0,0,0,0,0,0,0,0,872,0.19552752293577982,0.5286697247706422,0.7327981651376148,0.8996559633027523,1,1,1,1,1,1,1,1,71.42857142857143,18,78,1,68,-0.5842334504378464,6.312685331824856,-6.41954878070218,0.7245654413716606,0.4743597198672484
48,2010,1,0,govt reform,198,134,56,87,0,0,0,0,0,0,0,0,132,102,56,79,0,0,0,0,0,0,0,0,11,4,4,9,0,0,0,0,0,0,0,0,0,0,341,240,116,175,0,0,0,0,0,0,0,0,872,0.19552752293577982,0.5286697247706422,0.7327981651376148,0.8996559633027523,1,1,1,1,1,1,1,1,71.42857142857143,18,78,1,68,0.5355367126305687,-0.6594336953999667,0.1449469548833015,0.5602204044956003,0.5148589784670494
49,2010,1,0,foreign pol,149,97,364,0,0,0,0,0,0,0,0,0,25,24,79,0,0,0,0,0,0,0,0,0,1,2,3,0,0,0,0,0,0,0,0,0,0,0,175,123,446,0,0,0,0,0,0,0,0,0,744,0.11760752688172044,0.3178763440860215,0.700268817204301,1,1,1,1,1,1,1,1,1,71.42857142857143,18,78,1,68,2.159593751193113,-3.6451629994302595,3.9167997931179888,0.788550824979937,0.8861046368508856
50,2010,1,0,taxation,216,138,72,100,0,0,0,0,0,0,0,0,91,82,37,42,0,0,0,0,0,0,0,0,19,24,13,16,0,0,0,0,0,0,0,0,0,0,326,244,122,158,0,0,0,0,0,0,0,0,850,0.19176470588235295,0.5270588235294118,0.7423529411764707,0.9070588235294118,1,1,1,1,1,1,1,1,71.42857142857143,18,78,1,68,1.3209749702215228,-2.900376721122472,2.660409149567919,0.6308555532408551,0.7038225157251339
51,2010,0,1,immigration,163,151,61,80,0,0,0,0,0,0,0,0,154,131,46,65,0,0,0,0,0,0,0,0,5,3,2,2,0,0,0,0,0,0,0,0,0,0,322,285,109,147,0,0,0,0,0,0,0,0,863,0.186558516801854,0.5382387022016223,0.7665121668597914,0.9148319814600231,0.9999999999999999,0.9999999999999999,0.9999999999999999,0.9999999999999999,0.9999999999999999,0.9999999999999999,0.9999999999999999,0.9999999999999999,71.42857142857143,18,78,1,68,-0.017467694744744144,0.4082271414000922,-0.14637362412931462,0.46255711071113936,0.4424131512299714
52,2010,0,0,immigration,235,201,84,103,0,0,0,0,0,0,0,0,85,82,24,41,0,0,0,0,0,0,0,0,2,2,1,3,0,0,0,0,0,0,0,0,0,0,322,285,109,147,0,0,0,0,0,0,0,0,863,0.186558516801854,0.5382387022016223,0.7665121668597914,0.9148319814600231,0.9999999999999999,0.9999999999999999,0.9999999999999999,0.9999999999999999,0.9999999999999999,0.9999999999999999,0.9999999999999999,0.9999999999999999,71.42857142857143,18,78,1,68,1.0684189450333383,-0.4094151426946375,0.3818613019531901,0.722956936306342,0.7328739290518841
53,2010,0,0,immigration,207,210,77,92,0,0,0,0,0,0,0,0,113,74,30,53,0,0,0,0,0,0,0,0,2,1,2,2,0,0,0,0,0,0,0,0,0,0,322,285,109,147,0,0,0,0,0,0,0,0,863,0.186558516801854,0.5382387022016223,0.7665121668597914,0.9148319814600231,0.9999999999999999,0.9999999999999999,0.9999999999999999,0.9999999999999999,0.9999999999999999,0.9999999999999999,0.9999999999999999,0.9999999999999999,71.42857142857143,18,78,1,68,0.0039068894241994995,3.8751744065224965,-3.559257766453132,0.7410973078273446,0.6476134044410593
54,2010,1,0,immigration,281,245,104,127,0,0,0,0,0,0,0,0,40,39,5,19,0,0,0,0,0,0,0,0,1,1,0,1,0,0,0,0,0,0,0,0,0,0,322,285,109,147,0,0,0,0,0,0,0,0,863,0.186558516801854,0.5382387022016223,0.7665121668597914,0.9148319814600231,0.9999999999999999,0.9999999999999999,0.9999999999999999,0.9999999999999999,0.9999999999999999,0.9999999999999999,0.9999999999999999,0.9999999999999999,71.42857142857143,18,78,1,68,1.9168538348774693,-0.023404020586460735,0.28182171570505027,0.8782121133106826,0.8932203374494637
55,2010,0,0,immigration,162,144,45,63,0,0,0,0,0,0,0,0,160,136,61,82,0,0,0,0,0,0,0,0,0,5,3,2,0,0,0,0,0,0,0,0,0,0,322,285,109,147,0,0,0,0,0,0,0,0,863,0.186558516801854,0.5382387022016223,0.7665121668597914,0.9148319814600231,0.9999999999999999,0.9999999999999999,0.9999999999999999,0.9999999999999999,0.9999999999999999,0.9999999999999999,0.9999999999999999,0.9999999999999999,71.42857142857143,18,78,1,68,-0.10407971086798712,0.8909937144845286,-1.2321771069495941,0.5083424431416808,0.42549665710768
56,2010,0,0,immigration,257,220,92,106,0,0,0,0,0,0,0,0,61,64,15,40,0,0,0,0,0,0,0,0,4,1,2,1,0,0,0,0,0,0,0,0,0,0,322,285,109,147,0,0,0,0,0,0,0,0,863,0.186558516801854,0.5382387022016223,0.7665121668597914,0.9148319814600231,0.9999999999999999,0.9999999999999999,0.9999999999999999,0.9999999999999999,0.9999999999999999,0.9999999999999999,0.9999999999999999,0.9999999999999999,71.42857142857143,18,78,1,68,1.383878117880685,0.2752569773203014,-0.6042230038997227,0.7974529863020127,0.7580812720841469
57,2010,0,1,energy,127,80,300,0,0,0,0,0,0,0,0,0,45,44,128,0,0,0,0,0,0,0,0,0,5,4,16,0,0,0,0,0,0,0,0,0,0,0,177,128,444,0,0,0,0,0,0,0,0,0,749,0.11815754339118825,0.32176234979973295,0.7036048064085447,1,1,1,1,1,1,1,1,1,71.42857142857143,18,78,1,68,1.4761084193463203,-4.281907020769111,4.824497000932866,0.36789006743808006,0.17795935315305123
58,2010,1,0,spending,145,102,77,61,47,0,0,0,0,0,0,0,145,53,39,68,63,0,0,0,0,0,0,0,12,5,2,3,2,0,0,0,0,0,0,0,0,0,302,160,118,132,112,0,0,0,0,0,0,0,824,0.18325242718446602,0.46359223300970875,0.6322815533980582,0.7839805825242718,0.9320388349514562,0.9999999999999999,0.9999999999999999,0.9999999999999999,0.9999999999999999,0.9999999999999999,0.9999999999999999,0.9999999999999999,71.42857142857143,18,78,1,68,-0.867359598891001,5.872247146956307,-5.8098888967909845,0.6493746959950425,0.4284085545406111
59,2010,0,1,defense,192,109,82,80,71,0,0,0,0,0,0,0,104,49,36,52,39,0,0,0,0,0,0,0,6,2,0,0,2,0,0,0,0,0,0,0,0,0,302,160,118,132,112,0,0,0,0,0,0,0,824,0.18325242718446602,0.46359223300970875,0.6322815533980582,0.7839805825242718,0.9320388349514562,0.9999999999999999,0.9999999999999999,0.9999999999999999,0.9999999999999999,0.9999999999999999,0.9999999999999999,0.9999999999999999,71.42857142857143,18,78,1,68,0.4275119020280194,1.326524489933804,-1.3557212100120626,0.32041966914446673,0.3720926449710563
60,2010,0,1,health,113,71,53,53,42,0,0,0,0,0,0,0,183,78,63,77,66,0,0,0,0,0,0,0,6,11,2,2,4,0,0,0,0,0,0,0,0,0,302,160,118,132,112,0,0,0,0,0,0,0,824,0.18325242718446602,0.46359223300970875,0.6322815533980582,0.7839805825242718,0.9320388349514562,0.9999999999999999,0.9999999999999999,0.9999999999999999,0.9999999999999999,0.9999999999999999,0.9999999999999999,0.9999999999999999,71.42857142857143,18,78,1,68,-0.891426267994641,2.753844478793966,-2.5233617727508313,0.5362722860334619,0.6122759663041513
61,2010,0,0,taxation,84,60,58,83,149,0,0,0,0,0,0,0,60,44,55,85,146,0,0,0,0,0,0,0,7,2,2,4,10,0,0,0,0,0,0,0,0,0,151,106,115,172,305,0,0,0,0,0,0,0,849,0.08892815076560659,0.24028268551236748,0.3704358068315665,0.5394581861012956,0.8203769140164898,0.9999999999999998,0.9999999999999998,0.9999999999999998,0.9999999999999998,0.9999999999999998,0.9999999999999998,0.9999999999999998,71.42857142857143,18,78,1,68,0.5048753049607527,-1.571184714674297,1.1865581780410281,0.5039805389363922,0.5129773812437329
62,2010,1,0,taxation,115,84,95,147,267,0,0,0,0,0,0,0,33,21,18,23,36,0,0,0,0,0,0,0,3,1,2,2,2,0,0,0,0,0,0,0,0,0,151,106,115,172,305,0,0,0,0,0,0,0,849,0.08892815076560659,0.24028268551236748,0.3704358068315665,0.5394581861012956,0.8203769140164898,0.9999999999999998,0.9999999999999998,0.9999999999999998,0.9999999999999998,0.9999999999999998,0.9999999999999998,0.9999999999999998,71.42857142857143,18,78,1,68,1.0615766323792502,1.909178450608706,-0.9169503176456759,0.8565502614130264,0.8846384050779071
63,2010,0,0,taxation,60,43,41,74,163,0,0,0,0,0,0,0,88,61,70,92,136,0,0,0,0,0,0,0,3,2,4,6,6,0,0,0,0,0,0,0,0,0,151,106,115,172,305,0,0,0,0,0,0,0,849,0.08892815076560659,0.24028268551236748,0.3704358068315665,0.5394581861012956,0.8203769140164898,0.9999999999999998,0.9999999999999998,0.9999999999999998,0.9999999999999998,0.9999999999999998,0.9999999999999998,0.9999999999999998,71.42857142857143,18,78,1,68,-0.3067298490183622,-0.959314156591992,1.9019101809557377,0.4228927845527237,0.5915640026201228
64,2010,0,0,taxation,31,121,0,0,0,0,0,0,0,0,0,0,106,380,0,0,0,0,0,0,0,0,0,0,1,7,0,0,0,0,0,0,0,0,0,0,0,0,138,508,0,0,0,0,0,0,0,0,0,0,646,0.10681114551083591,0.6068111455108359,1,1,1,1,1,1,1,1,1,1,71.42857142857143,18,78,1,68,-1.2476249905317078,0.17014236500844784,NA,NA,NA
65,2010,0,0,welf reform,85,284,0,0,0,0,0,0,0,0,0,0,52,209,0,0,0,0,0,0,0,0,0,0,1,15,0,0,0,0,0,0,0,0,0,0,0,0,138,508,0,0,0,0,0,0,0,0,0,0,646,0.10681114551083591,0.6068111455108359,1,1,1,1,1,1,1,1,1,1,71.42857142857143,18,78,1,68,0.530878005612168,-0.3695351034249781,NA,NA,NA
66,2010,0,0,taxation,58,167,0,0,0,0,0,0,0,0,0,0,78,324,0,0,0,0,0,0,0,0,0,0,2,17,0,0,0,0,0,0,0,0,0,0,0,0,138,508,0,0,0,0,0,0,0,0,0,0,646,0.10681114551083591,0.6068111455108359,1,1,1,1,1,1,1,1,1,1,71.42857142857143,18,78,1,68,-0.21797668853007893,-0.7329677744645661,NA,NA,NA
67,2010,0,0,welf reform,63,194,0,0,0,0,0,0,0,0,0,0,74,304,0,0,0,0,0,0,0,0,0,0,1,10,0,0,0,0,0,0,0,0,0,0,0,0,138,508,0,0,0,0,0,0,0,0,0,0,646,0.10681114551083591,0.6068111455108359,1,1,1,1,1,1,1,1,1,1,71.42857142857143,18,78,1,68,-0.09935605377364834,-0.5764783510605465,NA,NA,NA
68,2010,0,0,taxation,26,120,0,0,0,0,0,0,0,0,0,0,110,375,0,0,0,0,0,0,0,0,0,0,2,13,0,0,0,0,0,0,0,0,0,0,0,0,138,508,0,0,0,0,0,0,0,0,0,0,646,0.10681114551083591,0.6068111455108359,1,1,1,1,1,1,1,1,1,1,71.42857142857143,18,78,1,68,-1.507100603549134,0.6058990891704652,NA,NA,NA
69,2010,0,0,welf reform,48,129,0,0,0,0,0,0,0,0,0,0,87,367,0,0,0,0,0,0,0,0,0,0,3,12,0,0,0,0,0,0,0,0,0,0,0,0,138,508,0,0,0,0,0,0,0,0,0,0,646,0.10681114551083591,0.6068111455108359,1,1,1,1,1,1,1,1,1,1,71.42857142857143,18,78,1,68,-0.49839713505289146,-0.9016846718865276,NA,NA,NA
70,2010,0,1,taxation,87,76,63,86,182,0,0,0,0,0,0,0,72,34,51,65,126,0,0,0,0,0,0,0,7,0,2,4,5,0,0,0,0,0,0,0,0,0,166,110,116,155,313,0,0,0,0,0,0,0,860,0.09651162790697675,0.25697674418604655,0.38837209302325587,0.5459302325581397,0.8180232558139535,1,1,1,1,1,1,1,71.42857142857143,18,78,1,68,0.27424121060136225,0.4114852078710911,-0.3957818382943558,0.40587648290580436,0.4197025407819531
71,2010,0,1,taxation,60,32,41,65,132,0,0,0,0,0,0,0,102,74,74,87,178,0,0,0,0,0,0,0,4,4,1,3,3,0,0,0,0,0,0,0,0,0,166,110,116,155,313,0,0,0,0,0,0,0,860,0.09651162790697675,0.25697674418604655,0.38837209302325587,0.5459302325581397,0.8180232558139535,1,1,1,1,1,1,1,71.42857142857143,18,78,1,68,-0.6336662447760533,0.10076802406256537,0.41214604531969984,0.617805896624118,0.5520944435688921
72,2010,0,1,taxation,123,84,86,120,234,0,0,0,0,0,0,0,40,25,28,33,74,0,0,0,0,0,0,0,3,1,2,2,5,0,0,0,0,0,0,0,0,0,166,110,116,155,313,0,0,0,0,0,0,0,860,0.09651162790697675,0.25697674418604655,0.38837209302325587,0.5459302325581397,0.8180232558139535,1,1,1,1,1,1,1,71.42857142857143,18,78,1,68,1.0577477384377396,0.6821124783602648,-0.684561539876073,0.22659061325407814,0.24653954624379448
73,2010,0,1,taxation,140,100,107,141,292,0,0,0,0,0,0,0,26,9,9,12,21,0,0,0,0,0,0,0,0,1,0,2,0,0,0,0,0,0,0,0,0,0,166,110,116,155,313,0,0,0,0,0,0,0,860,0.09651162790697675,0.25697674418604655,0.38837209302325587,0.5459302325581397,0.8180232558139535,1,1,1,1,1,1,1,71.42857142857143,18,78,1,68,1.3871315101178168,3.854704684789364,-2.891288158879688,0.06967698361475061,0.07485328640799827
74,2010,0,1,taxation,74,44,32,55,102,0,0,0,0,0,0,0,88,66,82,96,208,0,0,0,0,0,0,0,4,0,2,4,3,0,0,0,0,0,0,0,0,0,166,110,116,155,313,0,0,0,0,0,0,0,860,0.09651162790697675,0.25697674418604655,0.38837209302325587,0.5459302325581397,0.8180232558139535,1,1,1,1,1,1,1,71.42857142857143,18,78,1,68,0.032219613196547155,-2.4783443447089346,1.9450517648677144,0.6727588575599157,0.650854725729496
75,2010,0,1,taxation,147,88,90,117,215,0,0,0,0,0,0,0,17,21,25,37,92,0,0,0,0,0,0,0,2,1,1,1,6,0,0,0,0,0,0,0,0,0,166,110,116,155,313,0,0,0,0,0,0,0,860,0.09651162790697675,0.25697674418604655,0.38837209302325587,0.5459302325581397,0.8180232558139535,1,1,1,1,1,1,1,71.42857142857143,18,78,1,68,2.386924277016172,-3.577415861927388,2.0934167365734466,0.2457200825451069,0.29673014483074367
76,2010,0,1,health,87,71,81,100,224,0,0,0,0,0,0,0,76,39,33,53,87,0,0,0,0,0,0,0,3,0,2,2,2,0,0,0,0,0,0,0,0,0,166,110,116,155,313,0,0,0,0,0,0,0,860,0.09651162790697675,0.25697674418604655,0.38837209302325587,0.5459302325581397,0.8180232558139535,1,1,1,1,1,1,1,71.42857142857143,18,78,1,68,-0.03451365451331711,2.506159327453452,-1.640792458359562,0.30823839646530715,0.2906997756037091
77,2010,0,1,taxation,47,30,40,66,141,0,0,0,0,0,0,0,118,80,75,89,172,0,0,0,0,0,0,0,1,0,1,0,0,0,0,0,0,0,0,0,0,0,166,110,116,155,313,0,0,0,0,0,0,0,860,0.09651162790697675,0.25697674418604655,0.38837209302325587,0.5459302325581397,0.8180232558139535,1,1,1,1,1,1,1,71.42857142857143,18,78,1,68,-1.155930163547765,1.6682380151846448,-0.5826759037648997,0.6147871642610961,0.5315787692871223
78,2011,0,0,guns,307,237,110,146,0,0,0,0,0,0,0,0,5,24,3,7,0,0,0,0,0,0,0,0,0,0,0,1,0,0,0,0,0,0,0,0,0,0,312,261,113,154,0,0,0,0,0,0,0,0,840,0.18571428571428572,0.5267857142857143,0.7494047619047619,0.9083333333333333,1,1,1,1,1,1,1,1,79.06976744186046,6,-49,0,48,5.797806938700502,-11.522022292006938,9.770617955260274,0.922688593161139,0.9658480691766101
79,2011,0,0,guns,216,163,67,96,0,0,0,0,0,0,0,0,94,94,45,55,0,0,0,0,0,0,0,0,2,4,1,3,0,0,0,0,0,0,0,0,0,0,312,261,113,154,0,0,0,0,0,0,0,0,840,0.18571428571428572,0.5267857142857143,0.7494047619047619,0.9083333333333333,1,1,1,1,1,1,1,1,79.06976744186046,6,-49,0,48,1.1318297686286762,-1.8256039978456777,1.2781377498113389,0.6314778871345988,0.6281007847198173
80,2011,0,0,guns,174,145,58,80,0,0,0,0,0,0,0,0,136,108,54,73,0,0,0,0,0,0,0,0,2,8,1,1,0,0,0,0,0,0,0,0,0,0,312,261,113,154,0,0,0,0,0,0,0,0,840,0.18571428571428572,0.5267857142857143,0.7494047619047619,0.9083333333333333,1,1,1,1,1,1,1,1,79.06976744186046,6,-49,0,48,0.16762418662719233,0.5997821662108068,-0.7929114579983052,0.5669179556321164,0.5162866999336679
81,2011,0,0,guns,212,163,74,94,0,0,0,0,0,0,0,0,93,92,39,57,0,0,0,0,0,0,0,0,7,6,0,3,0,0,0,0,0,0,0,0,0,0,312,261,113,154,0,0,0,0,0,0,0,0,840,0.18571428571428572,0.5267857142857143,0.7494047619047619,0.9083333333333333,1,1,1,1,1,1,1,1,79.06976744186046,6,-49,0,48,0.996884462420872,-1.078225732576436,0.6256722060047898,0.6488959239455232,0.6302468133554707
82,2011,0,1,health,127,78,44,59,0,0,0,0,0,0,0,0,182,151,80,82,0,0,0,0,0,0,0,0,6,16,4,4,0,0,0,0,0,0,0,0,0,0,315,245,128,145,0,0,0,0,0,0,0,0,833,0.18907563025210083,0.5252100840336135,0.7490996398559424,0.9129651860744298,1,1,1,1,1,1,1,1,79.06976744186046,6,-49,0,48,0.06309697764050477,-2.6952729017998127,2.4693045301979977,0.6608788990213017,0.5896483735387582
83,2011,1,0,defense,190,151,80,74,0,0,0,0,0,0,0,0,117,86,44,61,0,0,0,0,0,0,0,0,8,8,4,10,0,0,0,0,0,0,0,0,0,0,315,245,128,145,0,0,0,0,0,0,0,0,833,0.18907563025210083,0.5252100840336135,0.7490996398559424,0.9129651860744298,1,1,1,1,1,1,1,1,79.06976744186046,6,-49,0,48,0.2161530189577298,1.7321988024680388,-1.8643844033276584,0.6493438594593245,0.5658602307820148
84,2011,0,0,defense,57,47,22,18,0,0,0,0,0,0,0,0,255,193,105,122,0,0,0,0,0,0,0,0,3,5,1,5,0,0,0,0,0,0,0,0,0,0,315,245,128,145,0,0,0,0,0,0,0,0,833,0.18907563025210083,0.5252100840336135,0.7490996398559424,0.9129651860744298,1,1,1,1,1,1,1,1,79.06976744186046,6,-49,0,48,-1.7741405941842854,1.858491613433301,-2.17797657294085,0.19950532850010272,0.1340447926305651
85,2011,1,0,defense,181,144,71,68,0,0,0,0,0,0,0,0,126,90,55,65,0,0,0,0,0,0,0,0,8,11,2,12,0,0,0,0,0,0,0,0,0,0,315,245,128,145,0,0,0,0,0,0,0,0,833,0.18907563025210083,0.5252100840336135,0.7490996398559424,0.9129651860744298,1,1,1,1,1,1,1,1,79.06976744186046,6,-49,0,48,0.12115743721750855,1.6447099017519982,-1.906664234265048,0.6146370537918856,0.514245723166663
86,2011,0,0,energy,142,170,73,61,0,0,0,0,0,0,0,0,161,67,49,76,0,0,0,0,0,0,0,0,12,8,6,8,0,0,0,0,0,0,0,0,0,0,315,245,128,145,0,0,0,0,0,0,0,0,833,0.18907563025210083,0.5252100840336135,0.7490996398559424,0.9129651860744298,1,1,1,1,1,1,1,1,79.06976744186046,6,-49,0,48,-1.4941002268827461,8.823576521477479,-8.191324272653913,0.7047159346623504,0.4531741182044402
87,2011,0,0,defense,61,74,35,26,0,0,0,0,0,0,0,0,232,164,95,140,0,0,0,0,0,0,0,0,3,4,1,1,0,0,0,0,0,0,0,0,0,0,296,242,131,167,0,0,0,0,0,0,0,0,836,0.17703349282296652,0.4988038277511962,0.7218899521531101,0.9001196172248804,1,1,1,1,1,1,1,1,79.06976744186046,6,-49,0,48,-2.1330575251626565,5.444248059624722,-5.463194122733127,0.3150246362863784,0.15997400413840915
88,2011,0,0,energy,179,115,64,92,0,0,0,0,0,0,0,0,114,126,65,75,0,0,0,0,0,0,0,0,3,1,2,0,0,0,0,0,0,0,0,0,0,0,296,242,131,167,0,0,0,0,0,0,0,0,836,0.17703349282296652,0.4988038277511962,0.7218899521531101,0.9001196172248804,1,1,1,1,1,1,1,1,79.06976744186046,6,-49,0,48,1.0286229282614718,-3.8559332314683976,3.2788066888567746,0.4801000136269407,0.5533255354409008
89,2011,0,1,defense,153,103,53,71,0,0,0,0,0,0,0,0,99,74,49,59,0,0,0,0,0,0,0,0,4,6,0,5,0,0,0,0,0,0,0,0,0,0,256,183,102,135,0,0,0,0,0,0,0,0,676,0.1893491124260355,0.5140532544378698,0.7248520710059171,0.9001479289940828,1,1,1,1,1,1,1,1,79.06976744186046,6,-49,0,48,0.5625770461590505,-0.6740881846742577,0.23547696334310098,0.4293748514528205,0.46340703852334286
90,2011,1,0,defense,145,96,53,67,0,0,0,0,0,0,0,0,107,83,44,60,0,0,0,0,0,0,0,0,4,4,5,8,0,0,0,0,0,0,0,0,0,0,256,183,102,135,0,0,0,0,0,0,0,0,676,0.1893491124260355,0.5140532544378698,0.7248520710059171,0.9001479289940828,1,1,1,1,1,1,1,1,79.06976744186046,6,-49,0,48,0.41905195011978175,-0.7072833202480266,0.4263035780719919,0.5428908748944478,0.5319072968435503
91,2011,0,0,misc others,120,73,29,50,0,0,0,0,0,0,0,0,132,105,67,81,0,0,0,0,0,0,0,0,4,5,6,4,0,0,0,0,0,0,0,0,0,0,256,183,102,135,0,0,0,0,0,0,0,0,676,0.1893491124260355,0.5140532544378698,0.7248520710059171,0.9001479289940828,1,1,1,1,1,1,1,1,79.06976744186046,6,-49,0,48,0.27189536606075765,-2.1113437936634116,1.318827774798177,0.38839362205857714,0.36353275545184494
92,2011,0,0,misc others,109,58,37,51,0,0,0,0,0,0,0,0,139,112,56,77,0,0,0,0,0,0,0,0,3,0,3,1,0,0,0,0,0,0,0,0,0,0,251,170,96,129,0,0,0,0,0,0,0,0,646,0.19427244582043343,0.5201238390092879,0.7260061919504643,0.9001547987616099,1,1,1,1,1,1,1,1,79.06976744186046,6,-49,0,48,0.19224821690999927,-2.73870250624521,2.3483311493442756,0.3566302082865516,0.40843571925113986
93,2011,1,0,budget,147,103,55,61,0,0,0,0,0,0,0,0,184,147,72,76,0,0,0,0,0,0,0,0,7,8,0,4,0,0,0,0,0,0,0,0,0,0,338,258,127,141,0,0,0,0,0,0,0,0,864,0.19560185185185186,0.5405092592592593,0.7633101851851852,0.9184027777777778,1,1,1,1,1,1,1,1,79.06976744186046,6,-49,0,48,-0.05398797293854109,-1.0723372144672383,0.9855625508202592,0.4148949756438838,0.44502668130874357
94,2011,1,0,defense,190,67,60,76,78,0,0,0,0,0,0,0,101,61,44,47,72,0,0,0,0,0,0,0,6,3,4,0,6,0,0,0,0,0,0,0,0,0,297,131,108,123,156,0,0,0,0,0,0,0,815,0.18220858895705522,0.4447852760736196,0.5914110429447852,0.7331288343558282,0.9042944785276074,1,1,1,1,1,1,1,79.06976744186046,6,-49,0,48,0.8391274906424151,-1.4998521816952743,0.8672138165804456,0.5759097929622412,0.5477796926184806
95,2011,0,0,health,126,39,30,37,65,0,0,0,0,0,0,0,149,84,69,82,78,0,0,0,0,0,0,0,22,8,9,4,13,0,0,0,0,0,0,0,0,0,297,131,108,123,156,0,0,0,0,0,0,0,815,0.18220858895705522,0.4447852760736196,0.5914110429447852,0.7331288343558282,0.9042944785276074,1,1,1,1,1,1,1,79.06976744186046,6,-49,0,48,0.7215291785064148,-5.800357669553876,5.27106860933413,0.2971549982732685,0.44294283332329676
96,2011,0,0,spending,186,57,44,59,0,0,0,0,0,0,0,0,152,180,62,61,0,0,0,0,0,0,0,0,2,5,3,4,0,0,0,0,0,0,0,0,0,0,340,242,109,124,0,0,0,0,0,0,0,0,815,0.2085889570552147,0.5656441717791411,0.7809815950920245,0.9239263803680982,1,1,1,1,1,1,1,1,79.06976744186046,6,-49,0,48,1.9998330525100738,-10.59716307337666,9.23004235613587,0.2706676395321985,0.4846849409837814
97,2011,1,0,taxation,216,183,83,66,0,0,0,0,0,0,0,0,123,59,26,57,0,0,0,0,0,0,0,0,1,0,0,1,0,0,0,0,0,0,0,0,0,0,340,242,109,124,0,0,0,0,0,0,0,0,815,0.2085889570552147,0.5656441717791411,0.7809815950920245,0.9239263803680982,1,1,1,1,1,1,1,1,79.06976744186046,6,-49,0,48,-0.6080732437388522,6.915340063702976,-6.474983235229263,0.7739674808446226,0.5916997201652305
98,2011,0,0,spending,197,96,58,57,0,0,0,0,0,0,0,0,138,143,51,67,0,0,0,0,0,0,0,0,5,3,0,0,0,0,0,0,0,0,0,0,0,0,340,242,109,124,0,0,0,0,0,0,0,0,815,0.2085889570552147,0.5656441717791411,0.7809815950920245,0.9239263803680982,1,1,1,1,1,1,1,1,79.06976744186046,6,-49,0,48,1.1320559500915657,-4.535254213845975,3.5713717558772533,0.4396141342570043,0.4857883989108066
99,2011,0,1,environment,103,86,45,41,0,0,0,0,0,0,0,0,213,137,60,72,0,0,0,0,0,0,0,0,24,19,4,11,0,0,0,0,0,0,0,0,0,0,340,242,109,124,0,0,0,0,0,0,0,0,815,0.2085889570552147,0.5656441717791411,0.7809815950920245,0.9239263803680982,1,1,1,1,1,1,1,1,79.06976744186046,6,-49,0,48,-1.0903204690905883,2.028982746697056,-1.5046002755256935,0.6111096948996575,0.618447115539726
100,2011,0,0,budget,69,93,79,279,0,0,0,0,0,0,0,0,163,243,250,710,0,0,0,0,0,0,0,0,0,3,8,12,0,0,0,0,0,0,0,0,0,0,232,339,337,1001,0,0,0,0,0,0,0,0,1909,0.060764798323729705,0.2103195390256679,0.38737558931377686,0.7378208486118387,1,1,1,1,1,1,1,1,79.06976744186046,6,-49,0,48,-0.7292812389802326,-1.7732909175999754,2.023703266940425,0.2478707243064229,0.3349138116798526
101,2011,0,0,budget,216,162,72,64,0,0,0,0,0,0,0,0,120,79,36,57,0,0,0,0,0,0,0,0,4,1,1,3,0,0,0,0,0,0,0,0,0,0,340,242,109,124,0,0,0,0,0,0,0,0,815,0.2085889570552147,0.5656441717791411,0.7809815950920245,0.9239263803680982,1,1,1,1,1,1,1,1,79.06976744186046,6,-49,0,48,0.11143514492193032,2.8830273598145393,-3.032254388222655,0.6888793199984068,0.5621847991053948
102,2011,0,1,defense,269,205,90,94,0,0,0,0,0,0,0,0,67,35,19,27,0,0,0,0,0,0,0,0,4,2,0,3,0,0,0,0,0,0,0,0,0,0,340,242,109,124,0,0,0,0,0,0,0,0,815,0.2085889570552147,0.5656441717791411,0.7809815950920245,0.9239263803680982,1,1,1,1,1,1,1,1,79.06976744186046,6,-49,0,48,0.7577249927540822,3.762453597744488,-3.5008484473113253,0.14632258971595868,0.21278050174881624
103,2011,0,0,budget,194,167,82,69,0,0,0,0,0,0,0,0,145,71,26,55,0,0,0,0,0,0,0,0,1,4,1,0,0,0,0,0,0,0,0,0,0,0,340,242,109,124,0,0,0,0,0,0,0,0,815,0.2085889570552147,0.5656441717791411,0.7809815950920245,0.9239263803680982,1,1,1,1,1,1,1,1,79.06976744186046,6,-49,0,48,-0.7192483443991642,5.839387973591385,-5.054847128564132,0.718439440536861,0.6086818148134842
104,2011,0,0,budget,64,20,14,12,0,0,0,0,0,0,0,0,276,221,93,111,0,0,0,0,0,0,0,0,0,1,2,1,0,0,0,0,0,0,0,0,0,0,340,242,109,124,0,0,0,0,0,0,0,0,815,0.2085889570552147,0.5656441717791411,0.7809815950920245,0.9239263803680982,1,1,1,1,1,1,1,1,79.06976744186046,6,-49,0,48,-0.5351071007946722,-5.3119295309316295,3.962536151109565,0.09971117886722168,0.10849669854109355
105,2011,0,0,budget,120,76,38,63,0,0,0,0,0,0,0,0,216,164,70,57,0,0,0,0,0,0,0,0,4,2,1,4,0,0,0,0,0,0,0,0,0,0,340,242,109,124,0,0,0,0,0,0,0,0,815,0.2085889570552147,0.5656441717791411,0.7809815950920245,0.9239263803680982,1,1,1,1,1,1,1,1,79.06976744186046,6,-49,0,48,0.06439051139357595,-3.986478094872654,4.275974702839472,0.2973696703832345,0.48502940981787923
106,2011,0,0,budget,95,37,20,29,0,0,0,0,0,0,0,0,244,202,89,94,0,0,0,0,0,0,0,0,1,3,0,1,0,0,0,0,0,0,0,0,0,0,340,242,109,124,0,0,0,0,0,0,0,0,815,0.2085889570552147,0.5656441717791411,0.7809815950920245,0.9239263803680982,1,1,1,1,1,1,1,1,79.06976744186046,6,-49,0,48,0.07287098842242404,-5.907240613735993,4.943848516692819,0.16181472103387518,0.2245877602017596
107,2011,0,0,budget,272,173,87,84,0,0,0,0,0,0,0,0,66,65,19,37,0,0,0,0,0,0,0,0,2,4,3,3,0,0,0,0,0,0,0,0,0,0,340,242,109,124,0,0,0,0,0,0,0,0,815,0.2085889570552147,0.5656441717791411,0.7809815950920245,0.9239263803680982,1,1,1,1,1,1,1,1,79.06976744186046,6,-49,0,48,1.6482072537318377,-1.3587243588939397,0.7076947570979153,0.7587372159232468,0.7307808885448908
108,2011,0,0,budget,244,184,79,78,0,0,0,0,0,0,0,0,95,56,29,44,0,0,0,0,0,0,0,0,1,2,1,2,0,0,0,0,0,0,0,0,0,0,340,242,109,124,0,0,0,0,0,0,0,0,815,0.2085889570552147,0.5656441717791411,0.7809815950920245,0.9239263803680982,1,1,1,1,1,1,1,1,79.06976744186046,6,-49,0,48,0.37903055719990225,3.412736943800386,-3.4422890179311283,0.7729118564676327,0.6597633268533457
109,2011,0,0,budget,67,20,15,20,0,0,0,0,0,0,0,0,270,221,94,101,0,0,0,0,0,0,0,0,3,1,0,3,0,0,0,0,0,0,0,0,0,0,340,242,109,124,0,0,0,0,0,0,0,0,815,0.2085889570552147,0.5656441717791411,0.7809815950920245,0.9239263803680982,1,1,1,1,1,1,1,1,79.06976744186046,6,-49,0,48,-0.08892125006860073,-7.656202876886335,6.580063086170514,0.0934680238505987,0.16115588835266342
110,2011,0,0,foreign pol,76,74,29,34,0,0,0,0,0,0,0,0,206,221,91,122,0,0,0,0,0,0,0,0,4,4,3,0,0,0,0,0,0,0,0,0,0,0,286,299,123,156,0,0,0,0,0,0,0,0,864,0.16550925925925927,0.5040509259259259,0.748263888888889,0.9097222222222223,1,1,1,1,1,1,1,1,79.06976744186046,6,-49,0,48,-0.9797553679583545,-0.07639795589589896,-0.25833369212892815,0.25302606793791405,0.22135907852313855
111,2011,0,0,taxation,223,166,67,70,0,0,0,0,0,0,0,0,109,117,58,47,0,0,0,0,0,0,0,0,3,7,6,7,0,0,0,0,0,0,0,0,0,0,335,290,131,124,0,0,0,0,0,0,0,0,880,0.1903409090909091,0.5454545454545454,0.7846590909090909,0.9295454545454546,1,1,1,1,1,1,1,1,79.06976744186046,6,-49,0,48,1.1087714262314585,-2.334552909488123,1.610605096600449,0.5851973426750718,0.5774377658071784
112,2011,0,0,spending,199,204,85,69,0,0,0,0,0,0,0,0,133,86,45,51,0,0,0,0,0,0,0,0,3,0,1,4,0,0,0,0,0,0,0,0,0,0,335,290,131,124,0,0,0,0,0,0,0,0,880,0.1903409090909091,0.5454545454545454,0.7846590909090909,0.9295454545454546,1,1,1,1,1,1,1,1,79.06976744186046,6,-49,0,48,-0.23003369695862094,4.036784496536784,-3.7296779491064416,0.7018115107667904,0.5943633949924382
113,2011,0,0,taxation,218,207,86,75,0,0,0,0,0,0,0,0,110,79,41,43,0,0,0,0,0,0,0,0,7,4,4,6,0,0,0,0,0,0,0,0,0,0,335,290,131,124,0,0,0,0,0,0,0,0,880,0.1903409090909091,0.5454545454545454,0.7846590909090909,0.9295454545454546,1,1,1,1,1,1,1,1,79.06976744186046,6,-49,0,48,0.2867817958274964,2.56763527451299,-2.4726840062057587,0.7216032928815131,0.6444610314382793
114,2011,1,0,welf reform,137,187,75,55,0,0,0,0,0,0,0,0,190,102,56,66,0,0,0,0,0,0,0,0,8,1,0,3,0,0,0,0,0,0,0,0,0,0,335,290,131,124,0,0,0,0,0,0,0,0,880,0.1903409090909091,0.5454545454545454,0.7846590909090909,0.9295454545454546,1,1,1,1,1,1,1,1,79.06976744186046,6,-49,0,48,-1.4758544307777797,7.245749628804652,-6.315761999819376,0.6383200003823228,0.4823955338086697
115,2011,0,0,spending,212,218,97,75,0,0,0,0,0,0,0,0,120,69,31,45,0,0,0,0,0,0,0,0,3,3,3,4,0,0,0,0,0,0,0,0,0,0,335,290,131,124,0,0,0,0,0,0,0,0,880,0.1903409090909091,0.5454545454545454,0.7846590909090909,0.9295454545454546,1,1,1,1,1,1,1,1,79.06976744186046,6,-49,0,48,-0.25717180581831267,5.179846196813443,-4.599444301622912,0.7654670745083699,0.6635467020666417
116,2011,0,0,welf reform,160,120,49,40,0,0,0,0,0,0,0,0,142,142,74,69,0,0,0,0,0,0,0,0,7,7,6,8,0,0,0,0,0,0,0,0,0,0,309,269,129,117,0,0,0,0,0,0,0,0,824,0.1875,0.5382281553398058,0.7797330097087379,0.9290048543689322,1.0000000000000002,1.0000000000000002,1.0000000000000002,1.0000000000000002,1.0000000000000002,1.0000000000000002,1.0000000000000002,1.0000000000000002,79.06976744186046,6,-49,0,48,0.25686895754815714,-0.6942717438908982,-0.19015638234916837,0.46560291509229734,0.3723841525912742
117,2011,1,0,taxation,162,215,84,77,0,0,0,0,0,0,0,0,128,87,33,48,0,0,0,0,0,0,0,0,0,4,1,0,0,0,0,0,0,0,0,0,0,0,290,306,118,125,0,0,0,0,0,0,0,0,839,0.1728247914183552,0.5280095351609059,0.7806912991656734,0.9255065554231228,1,1,1,1,1,1,1,1,79.06976744186046,6,-49,0,48,-0.4774172401426504,4.786465736448341,-4.005169835616101,0.7139248506167536,0.6424960724975405
118,2011,1,0,taxation,203,253,94,92,0,0,0,0,0,0,0,0,86,51,24,31,0,0,0,0,0,0,0,0,1,2,0,2,0,0,0,0,0,0,0,0,0,0,290,306,118,125,0,0,0,0,0,0,0,0,839,0.1728247914183552,0.5280095351609059,0.7806912991656734,0.9255065554231228,1,1,1,1,1,1,1,1,79.06976744186046,6,-49,0,48,0.10132005626169051,5.166682402622243,-4.456700368667828,0.8278529039443047,0.757937857553513
119,2011,0,1,health,141,131,66,71,0,0,0,0,0,0,0,0,151,133,69,85,0,0,0,0,0,0,0,0,1,10,1,6,0,0,0,0,0,0,0,0,0,0,293,274,136,162,0,0,0,0,0,0,0,0,865,0.16936416184971098,0.49710982658959535,0.7341040462427745,0.90635838150289,0.9999999999999999,0.9999999999999999,0.9999999999999999,0.9999999999999999,0.9999999999999999,0.9999999999999999,0.9999999999999999,0.9999999999999999,79.06976744186046,6,-49,0,48,-0.1717743143691731,0.7358945343920846,-0.810628089216508,0.5016210116899477,0.5414243267006627
120,2011,0,1,immigration,127,166,70,66,0,0,0,0,0,0,0,0,157,134,68,58,0,0,0,0,0,0,0,0,6,12,0,4,0,0,0,0,0,0,0,0,0,0,290,312,138,128,0,0,0,0,0,0,0,0,868,0.16705069124423963,0.5138248847926268,0.7730414746543779,0.9262672811059908,1,1,1,1,1,1,1,1,79.06976744186046,6,-49,0,48,-0.5370435404681121,2.308764015043693,-1.8065062815530002,0.45866656873125466,0.48061622328871845
121,2012,0,0,taxation,196,147,66,70,0,0,0,0,0,0,0,0,137,127,47,47,0,0,0,0,0,0,0,0,11,12,3,13,0,0,0,0,0,0,0,0,0,0,344,286,116,130,0,0,0,0,0,0,0,0,876,0.1963470319634703,0.5559360730593608,0.7853881278538812,0.9257990867579908,1,1,1,1,1,1,1,1,87.5,6,-49,0,67,0.6489995390305069,-1.8346489337435505,1.727232559776379,0.540780016978882,0.597936343110021
122,2012,0,1,health,160,136,50,54,0,0,0,0,0,0,0,0,146,150,71,66,0,0,0,0,0,0,0,0,2,3,1,4,0,0,0,0,0,0,0,0,0,0,308,289,122,124,0,0,0,0,0,0,0,0,843,0.1826809015421115,0.536773428232503,0.7805456702253856,0.9264531435349941,1,1,1,1,1,1,1,1,87.5,6,-49,0,67,0.25606254529086425,-0.9401656770543664,0.4105605646637968,0.5278162876263983,0.5640296308423107
123,2012,0,0,taxation,122,107,300,0,0,0,0,0,0,0,0,0,51,34,122,0,0,0,0,0,0,0,0,0,5,0,8,0,0,0,0,0,0,0,0,0,0,0,178,141,430,0,0,0,0,0,0,0,0,0,749,0.11882510013351134,0.3317757009345794,0.7129506008010681,1,1,1,1,1,1,1,1,1,87.5,6,-49,0,67,0.5907428916285247,2.755666994126607,-3.2572114771286356,0.760290626817931,0.6064709381118019
124,2012,0,1,health,119,114,50,47,0,0,0,0,0,0,0,0,158,155,64,87,0,0,0,0,0,0,0,0,8,28,6,15,0,0,0,0,0,0,0,0,0,0,285,297,120,149,0,0,0,0,0,0,0,0,851,0.16745005875440658,0.5094007050528789,0.754406580493537,0.9124559341950647,1,1,1,1,1,1,1,1,87.5,6,-49,0,67,-0.3974668482300516,0.8030849868684716,-1.0643113928212602,0.5651284137967081,0.6310636488554999
125,2012,0,1,health,214,193,78,111,0,0,0,0,0,0,0,0,230,204,102,135,0,0,0,0,0,0,0,0,5,6,3,7,0,0,0,0,0,0,0,0,0,0,449,403,183,253,0,0,0,0,0,0,0,0,1288,0.17430124223602483,0.5050465838509317,0.7325310559006212,0.9017857142857143,1,1,1,1,1,1,1,1,87.5,6,-49,0,67,-0.08420383255653523,0.17589809315210242,-0.37617429103566996,0.5225592631362893,0.55739507502446894
126,2012,0,0,guns,208,198,92,131,0,0,0,0,0,0,0,0,63,58,35,58,0,0,0,0,0,0,0,0,4,0,2,3,0,0,0,0,0,0,0,0,0,0,275,256,129,192,0,0,0,0,0,0,0,0,852,0.1613849765258216,0.47300469483568075,0.6989436619718309,0.8873239436619716,0.9999999999999998,0.9999999999999998,0.9999999999999998,0.9999999999999998,0.9999999999999998,0.9999999999999998,0.9999999999999998,0.9999999999999998,87.5,6,-49,0,67,1.102272149828254,0.825107351735902,-1.317001973776214,0.7659487821300814,0.6852698651724765
127,2012,0,0,guns,17,27,16,20,0,0,0,0,0,0,0,0,257,227,113,171,0,0,0,0,0,0,0,0,1,2,0,1,0,0,0,0,0,0,0,0,0,0,275,256,129,192,0,0,0,0,0,0,0,0,852,0.1613849765258216,0.47300469483568075,0.6989436619718309,0.8873239436619716,0.9999999999999998,0.9999999999999998,0.9999999999999998,0.9999999999999998,0.9999999999999998,0.9999999999999998,0.9999999999999998,0.9999999999999998,87.5,6,-49,0,67,-3.255693465398289,3.7488712097395145,-2.7969746036011136,0.11100646588649571,0.10458765534305055
128,2012,0,0,defense,120,117,52,72,0,0,0,0,0,0,0,0,139,129,71,101,0,0,0,0,0,0,0,0,16,10,6,19,0,0,0,0,0,0,0,0,0,0,275,256,129,192,0,0,0,0,0,0,0,0,852,0.1613849765258216,0.47300469483568075,0.6989436619718309,0.8873239436619716,0.9999999999999998,0.9999999999999998,0.9999999999999998,0.9999999999999998,0.9999999999999998,0.9999999999999998,0.9999999999999998,0.9999999999999998,87.5,6,-49,0,67,-0.2049080920993796,0.5370606965604361,-0.8072121341645019,0.4655096678610663,0.40723797450308413
129,2012,1,0,defense,129,123,67,93,0,0,0,0,0,0,0,0,132,127,58,89,0,0,0,0,0,0,0,0,14,6,4,10,0,0,0,0,0,0,0,0,0,0,275,256,129,192,0,0,0,0,0,0,0,0,852,0.1613849765258216,0.47300469483568075,0.6989436619718309,0.8873239436619716,0.9999999999999998,0.9999999999999998,0.9999999999999998,0.9999999999999998,0.9999999999999998,0.9999999999999998,0.9999999999999998,0.9999999999999998,87.5,6,-49,0,67,-0.05042069540239805,0.10713745739585243,0.035214958825083104,0.5029879076832587,0.5186231641467058
130,2012,0,0,guns,268,245,124,184,0,0,0,0,0,0,0,0,7,11,5,7,0,0,0,0,0,0,0,0,0,0,0,1,0,0,0,0,0,0,0,0,0,0,275,256,129,192,0,0,0,0,0,0,0,0,852,0.1613849765258216,0.47300469483568075,0.6989436619718309,0.8873239436619716,0.9999999999999998,0.9999999999999998,0.9999999999999998,0.9999999999999998,0.9999999999999998,0.9999999999999998,0.9999999999999998,0.9999999999999998,87.5,6,-49,0,67,4.091324161626469,-3.2840683095483216,2.6948695286859925,0.9578318639396255,0.9650582813053958
131,2012,0,0,guns,269,231,111,172,0,0,0,0,0,0,0,0,6,22,17,18,0,0,0,0,0,0,0,0,0,3,1,2,0,0,0,0,0,0,0,0,0,0,275,256,129,192,0,0,0,0,0,0,0,0,852,0.1613849765258216,0.47300469483568075,0.6989436619718309,0.8873239436619716,0.9999999999999998,0.9999999999999998,0.9999999999999998,0.9999999999999998,0.9999999999999998,0.9999999999999998,0.9999999999999998,0.9999999999999998,87.5,6,-49,0,67,5.157190477730916,-9.172013001043974,6.6096337391584195,0.9023482022660876,0.9051824584649825
132,2012,0,0,guns,168,159,84,113,0,0,0,0,0,0,0,0,104,95,43,77,0,0,0,0,0,0,0,0,3,2,2,2,0,0,0,0,0,0,0,0,0,0,275,256,129,192,0,0,0,0,0,0,0,0,852,0.1613849765258216,0.47300469483568075,0.6989436619718309,0.8873239436619716,0.9999999999999998,0.9999999999999998,0.9999999999999998,0.9999999999999998,0.9999999999999998,0.9999999999999998,0.9999999999999998,0.9999999999999998,87.5,6,-49,0,67,0.34234470674305933,0.9289700950763207,-0.9484165280098096,0.6386998615114077,0.6011359311440899
133,2012,0,0,guns,174,152,84,115,0,0,0,0,0,0,0,0,96,104,45,75,0,0,0,0,0,0,0,0,5,0,0,2,0,0,0,0,0,0,0,0,0,0,275,256,129,192,0,0,0,0,0,0,0,0,852,0.1613849765258216,0.47300469483568075,0.6989436619718309,0.8873239436619716,0.9999999999999998,0.9999999999999998,0.9999999999999998,0.9999999999999998,0.9999999999999998,0.9999999999999998,0.9999999999999998,0.9999999999999998,87.5,6,-49,0,67,0.6927341819937274,-0.8171506279161489,0.6475652172934849,0.6096997176847805,0.618179069805376
134,2012,0,0,guns,117,128,64,92,0,0,0,0,0,0,0,0,158,127,63,97,0,0,0,0,0,0,0,0,0,1,2,3,0,0,0,0,0,0,0,0,0,0,275,256,129,192,0,0,0,0,0,0,0,0,852,0.1613849765258216,0.47300469483568075,0.6989436619718309,0.8873239436619716,0.9999999999999998,0.9999999999999998,0.9999999999999998,0.9999999999999998,0.9999999999999998,0.9999999999999998,0.9999999999999998,0.9999999999999998,87.5,6,-49,0,67,-0.5700746666832254,1.925974217447944,-1.5198621178220761,0.5032366829346805,0.48305993948432197
135,2012,0,0,defense,42,45,23,129,0,0,0,0,0,0,0,0,139,97,79,373,0,0,0,0,0,0,0,0,4,7,2,14,0,0,0,0,0,0,0,0,0,0,185,149,104,516,0,0,0,0,0,0,0,0,954,0.09696016771488469,0.2720125786163522,0.40461215932914046,0.729559748427673,1,1,1,1,1,1,1,1,87.5,6,-49,0,67,-1.248012706178776,1.329893997660506,-1.4878301140648704,0.2778757315991527,0.2216200228785808
136,2012,1,0,defense,97,59,45,233,0,0,0,0,0,0,0,0,83,82,52,261,0,0,0,0,0,0,0,0,5,8,7,22,0,0,0,0,0,0,0,0,0,0,185,149,104,516,0,0,0,0,0,0,0,0,954,0.09696016771488469,0.2720125786163522,0.40461215932914046,0.729559748427673,1,1,1,1,1,1,1,1,87.5,6,-49,0,67,0.3801150806870804,-2.956985792292036,3.133913714049845,0.42191930678926487,0.5639719588349473
137,2013,0,0,guns,189,192,91,108,0,0,0,0,0,0,0,0,23,33,16,17,0,0,0,0,0,0,0,0,0,1,0,1,0,0,0,0,0,0,0,0,0,0,212,226,107,126,0,0,0,0,0,0,0,0,671,0.15797317436661698,0.4843517138599106,0.732488822652757,0.9061102831594634,0.9999999999999999,0.9999999999999999,0.9999999999999999,0.9999999999999999,0.9999999999999999,0.9999999999999999,0.9999999999999999,0.9999999999999999,87.5,10,-33,0,78,2.4033746707622528,-2.1477410108266586,1.694441375414521,0.852345202150192,0.8632919470096968
138,2013,0,0,guns,112,142,52,54,0,0,0,0,0,0,0,0,99,82,54,70,0,0,0,0,0,0,0,0,1,2,1,2,0,0,0,0,0,0,0,0,0,0,212,226,107,126,0,0,0,0,0,0,0,0,671,0.15797317436661698,0.4843517138599106,0.732488822652757,0.9061102831594634,0.9999999999999999,0.9999999999999999,0.9999999999999999,0.9999999999999999,0.9999999999999999,0.9999999999999999,0.9999999999999999,0.9999999999999999,87.5,10,-33,0,78,-0.32189128191667055,3.556526461725041,-3.946734916952776,0.6153099595231455,0.4211942624977237
139,2013,0,0,guns,174,180,92,91,0,0,0,0,0,0,0,0,100,94,36,61,0,0,0,0,0,0,0,0,1,1,0,4,0,0,0,0,0,0,0,0,0,0,275,275,128,156,0,0,0,0,0,0,0,0,834,0.16486810551558753,0.4946043165467626,0.7362110311750599,0.9064748201438848,0.9999999999999999,0.9999999999999999,0.9999999999999999,0.9999999999999999,0.9999999999999999,0.9999999999999999,0.9999999999999999,0.9999999999999999,87.5,10,-33,0,78,0.2983437391010131,1.6987495851063201,-1.6355768736991403,0.6767387124322529,0.6230234320078646
140,2013,0,0,guns,135,152,68,77,0,0,0,0,0,0,0,0,139,121,60,76,0,0,0,0,0,0,0,0,1,2,0,3,0,0,0,0,0,0,0,0,0,0,275,275,128,156,0,0,0,0,0,0,0,0,834,0.16486810551558753,0.4946043165467626,0.7362110311750599,0.9064748201438848,0.9999999999999999,0.9999999999999999,0.9999999999999999,0.9999999999999999,0.9999999999999999,0.9999999999999999,0.9999999999999999,0.9999999999999999,87.5,10,-33,0,78,-0.28676090714513175,1.8591160933507975,-1.7017829586832034,0.5541249383493175,0.5019998344201778
141,2013,0,0,immigration,240,225,107,116,0,0,0,0,0,0,0,0,34,48,20,37,0,0,0,0,0,0,0,0,1,2,1,3,0,0,0,0,0,0,0,0,0,0,275,275,128,156,0,0,0,0,0,0,0,0,834,0.16486810551558753,0.4946043165467626,0.7362110311750599,0.9064748201438848,0.9999999999999999,0.9999999999999999,0.9999999999999999,0.9999999999999999,0.9999999999999999,0.9999999999999999,0.9999999999999999,0.9999999999999999,87.5,10,-33,0,78,2.0549704643829934,-0.7521064739626063,-0.1795104483712967,0.8367222743442148,0.7742857503267968
142,2013,0,0,guns,172,140,63,73,0,0,0,0,0,0,0,0,103,133,63,81,0,0,0,0,0,0,0,0,0,2,2,2,0,0,0,0,0,0,0,0,0,0,275,275,128,156,0,0,0,0,0,0,0,0,834,0.16486810551558753,0.4946043165467626,0.7362110311750599,0.9064748201438848,0.9999999999999999,0.9999999999999999,0.9999999999999999,0.9999999999999999,0.9999999999999999,0.9999999999999999,0.9999999999999999,0.9999999999999999,87.5,10,-33,0,78,0.8276351514581491,-2.1535657261273236,1.2726546737398419,0.5172471437812063,0.4800796207473445
143,2013,0,0,guns,207,192,85,102,0,0,0,0,0,0,0,0,67,80,42,49,0,0,0,0,0,0,0,0,1,3,1,5,0,0,0,0,0,0,0,0,0,0,275,275,128,156,0,0,0,0,0,0,0,0,834,0.16486810551558753,0.4946043165467626,0.7362110311750599,0.9064748201438848,0.9999999999999999,0.9999999999999999,0.9999999999999999,0.9999999999999999,0.9999999999999999,0.9999999999999999,0.9999999999999999,0.9999999999999999,87.5,10,-33,0,78,1.320739714520179,-1.2500970107992362,0.6435433382543208,0.7019450049249985,0.6719289728817348
144,2013,0,0,guns,145,145,68,81,0,0,0,0,0,0,0,0,127,129,60,73,0,0,0,0,0,0,0,0,3,1,0,2,0,0,0,0,0,0,0,0,0,0,275,275,128,156,0,0,0,0,0,0,0,0,834,0.16486810551558753,0.4946043165467626,0.7362110311750599,0.9064748201438848,0.9999999999999999,0.9999999999999999,0.9999999999999999,0.9999999999999999,0.9999999999999999,0.9999999999999999,0.9999999999999999,0.9999999999999999,87.5,10,-33,0,78,0.1372619924932722,-0.034781689707919776,0.003245059100193131,0.5301340386855362,0.5271200995906037
145,2013,0,0,guns,263,241,120,131,0,0,0,0,0,0,0,0,11,33,8,23,0,0,0,0,0,0,0,0,1,1,0,2,0,0,0,0,0,0,0,0,0,0,275,275,128,156,0,0,0,0,0,0,0,0,834,0.16486810551558753,0.4946043165467626,0.7362110311750599,0.9064748201438848,0.9999999999999999,0.9999999999999999,0.9999999999999999,0.9999999999999999,0.9999999999999999,0.9999999999999999,0.9999999999999999,0.9999999999999999,87.5,10,-33,0,78,3.689562035219152,-4.2910365824864725,2.6039272148610677,0.8998019131722488,0.874001286938099
146,2013,0,0,guns,113,151,72,57,0,0,0,0,0,0,0,0,161,119,54,94,0,0,0,0,0,0,0,0,1,5,2,5,0,0,0,0,0,0,0,0,0,0,275,275,128,156,0,0,0,0,0,0,0,0,834,0.16486810551558753,0.4946043165467626,0.7362110311750599,0.9064748201438848,0.9999999999999999,0.9999999999999999,0.9999999999999999,0.9999999999999999,0.9999999999999999,0.9999999999999999,0.9999999999999999,0.9999999999999999,87.5,10,-33,0,78,-1.126075451445367,5.435198916583971,-5.139490539960787,0.5760676892587555,0.4019410807029476
147,2013,1,0,terrorism,128,142,109,434,0,0,0,0,0,0,0,0,21,27,19,76,0,0,0,0,0,0,0,0,4,5,3,13,0,0,0,0,0,0,0,0,0,0,153,174,131,523,0,0,0,0,0,0,0,0,981,0.0779816513761468,0.24464831804281345,0.4001019367991845,0.7334352701325177,0.9999999999999999,0.9999999999999999,0.9999999999999999,0.9999999999999999,0.9999999999999999,0.9999999999999999,0.9999999999999999,0.9999999999999999,87.5,10,-33,0,78,1.8270407954924293,-0.6227045490775549,0.695791262809334,0.8441763286218148,0.8617852678094233
148,2013,0,0,terrorism,93,90,71,292,0,0,0,0,0,0,0,0,57,79,53,216,0,0,0,0,0,0,0,0,3,5,7,15,0,0,0,0,0,0,0,0,0,0,153,174,131,523,0,0,0,0,0,0,0,0,981,0.0779816513761468,0.24464831804281345,0.4001019367991845,0.7334352701325177,0.9999999999999999,0.9999999999999999,0.9999999999999999,0.9999999999999999,0.9999999999999999,0.9999999999999999,0.9999999999999999,0.9999999999999999,87.5,10,-33,0,78,0.5641200612958421,-1.7531844044207212,1.9109847472066641,0.5412247146556328,0.6304509183399578
149,2013,0,0,terrorism,120,136,109,416,0,0,0,0,0,0,0,0,32,38,18,102,0,0,0,0,0,0,0,0,1,0,4,5,0,0,0,0,0,0,0,0,0,0,153,174,131,523,0,0,0,0,0,0,0,0,981,0.0779816513761468,0.24464831804281345,0.4001019367991845,0.7334352701325177,0.9999999999999999,0.9999999999999999,0.9999999999999999,0.9999999999999999,0.9999999999999999,0.9999999999999999,0.9999999999999999,0.9999999999999999,87.5,10,-33,0,78,1.1043962316580789,2.000569758888399,-2.153126808957785,0.8272697095770755,0.761491906545635
150,2013,1,0,terrorism,58,75,51,211,0,0,0,0,0,0,0,0,89,95,76,296,0,0,0,0,0,0,0,0,6,4,4,16,0,0,0,0,0,0,0,0,0,0,153,174,131,523,0,0,0,0,0,0,0,0,981,0.0779816513761468,0.24464831804281345,0.4001019367991845,0.7334352701325177,0.9999999999999999,0.9999999999999999,0.9999999999999999,0.9999999999999999,0.9999999999999999,0.9999999999999999,0.9999999999999999,0.9999999999999999,87.5,10,-33,0,78,-0.42741241045191697,0.5427152369303139,-0.5816177638863343,0.42520080037236146,0.39889315797301395
151,2013,0,1,health,101,108,45,42,0,0,0,0,0,0,0,0,149,130,54,112,0,0,0,0,0,0,0,0,4,10,3,4,0,0,0,0,0,0,0,0,0,0,254,248,102,158,0,0,0,0,0,0,0,0,762,0.16666666666666666,0.49606299212598426,0.7257217847769029,0.8963254593175852,0.9999999999999999,0.9999999999999999,0.9999999999999999,0.9999999999999999,0.9999999999999999,0.9999999999999999,0.9999999999999999,0.9999999999999999,87.5,10,-33,0,78,-0.870488827195116,3.445602424288174,-3.88255539496837,0.529547149479312,0.7138826425487763
152,2013,0,0,immigration,153,131,64,69,0,0,0,0,0,0,0,0,116,155,58,68,0,0,0,0,0,0,0,0,12,10,3,12,0,0,0,0,0,0,0,0,0,0,281,296,125,149,0,0,0,0,0,0,0,0,851,0.16509988249118684,0.5041128084606346,0.7514688601645123,0.9124559341950645,0.9999999999999999,0.9999999999999999,0.9999999999999999,0.9999999999999999,0.9999999999999999,0.9999999999999999,0.9999999999999999,0.9999999999999999,87.5,10,-33,0,78,0.6305491543138468,-2.5795118977806264,2.1771147080731836,0.47129955441137084,0.5181049209601839
